Product Type,Air temperature [K],Process temperature [K],Rotational speed [rpm],Torque [Nm],Tool wear [min],Failure encoded,Selected,Product ID,Selected (1)
continuous,continuous,continuous,continuous,continuous,continuous,continuous,discrete,string,discrete
,,,,,,,class,meta,meta
1.0,300.8,309.4,1342.0,62.4,113.0,0.0,No,M18096,No
2.0,298.0,308.0,1479.0,50.7,70.0,1.0,No,H29691,No
0.0,298.9,309.1,1452.0,45.5,196.0,1.0,No,L47251,No
0.0,298.8,308.6,1511.0,36.1,157.0,1.0,No,L47320,No
2.0,298.4,308.2,1987.0,19.8,198.0,1.0,No,H29569,No
1.0,302.4,310.3,1378.0,54.3,165.0,0.0,No,M19309,No
0.0,302.1,311.2,1454.0,59.2,153.0,0.0,No,L51182,No
0.0,298.2,308.4,1424.0,47.6,179.0,1.0,No,L47412,No
0.0,298.2,308.6,1433.0,39.5,7.0,1.0,No,L47183,No
0.0,297.2,308.5,1550.0,41.5,125.0,1.0,No,L47646,No
0.0,298.2,308.2,1988.0,21.4,41.0,1.0,No,L47357,No
0.0,299.0,309.0,1544.0,31.8,25.0,1.0,No,L47267,No
0.0,302.4,310.2,1351.0,45.1,168.0,0.0,No,L51716,No
1.0,298.2,308.3,1522.0,49.1,22.0,1.0,No,M15120,No
0.0,298.3,308.1,1412.0,52.3,218.0,0.0,No,L47341,No
0.0,302.3,310.8,1377.0,47.3,22.0,0.0,No,L50967,No
0.0,302.7,310.5,1351.0,41.8,10.0,0.0,No,L51655,No
0.0,298.1,308.6,1527.0,40.2,16.0,1.0,No,L47187,No
1.0,300.7,311.7,2097.0,18.9,232.0,0.0,No,M22547,No
1.0,297.8,308.5,1488.0,41.9,196.0,1.0,No,M15184,No
0.0,298.0,308.5,1429.0,37.7,220.0,0.0,No,L48689,No
0.0,301.9,311.0,2691.0,12.1,31.0,0.0,No,L51228,No
0.0,298.8,309.1,1477.0,42.4,158.0,1.0,No,L47236,No
1.0,298.5,308.6,1344.0,53.0,114.0,1.0,No,M15065,No
2.0,298.9,309.2,1379.0,50.7,106.0,1.0,No,H29452,No
1.0,300.4,310.2,1671.0,30.5,234.0,0.0,No,M20859,No
0.0,299.0,309.4,1419.0,48.3,91.0,1.0,No,L47212,No
1.0,298.4,308.2,1468.0,43.8,2.0,1.0,No,M15023,No
1.0,298.6,308.4,1778.0,28.2,161.0,1.0,No,M15002,No
0.0,297.5,308.4,1604.0,38.1,106.0,1.0,No,L47551,No
0.0,298.2,307.9,1313.0,67.3,67.0,0.0,No,L48969,No
0.0,297.8,308.5,1448.0,40.0,192.0,1.0,No,L47502,No
0.0,297.8,308.5,1561.0,46.3,194.0,1.0,No,L47503,No
0.0,298.2,308.2,1667.0,30.6,59.0,1.0,No,L47364,No
0.0,297.4,308.6,1678.0,32.3,180.0,1.0,No,L47582,No
0.0,298.9,308.7,1546.0,43.4,114.0,1.0,No,L47303,No
1.0,298.6,309.1,1339.0,51.1,34.0,1.0,No,M14872,No
0.0,303.4,311.8,1401.0,53.0,208.0,0.0,No,L51994,No
0.0,299.8,309.3,1299.0,65.1,212.0,0.0,No,L49941,No
0.0,298.1,308.0,1626.0,36.5,83.0,1.0,No,L47461,No
0.0,300.5,309.8,1663.0,29.1,145.0,0.0,No,L53658,No
2.0,298.5,308.4,1612.0,36.1,174.0,1.0,No,H29560,No
0.0,297.3,308.2,1754.0,26.8,125.0,1.0,No,L47559,No
2.0,297.5,308.4,1587.0,36.1,98.0,1.0,No,H29783,No
0.0,297.6,308.7,1455.0,48.2,145.0,1.0,No,L47568,No
0.0,302.6,311.0,1284.0,68.0,114.0,0.0,No,L51434,No
0.0,302.0,310.5,1370.0,44.4,85.0,0.0,No,L51335,No
0.0,298.9,309.1,1369.0,44.4,198.0,1.0,No,L47252,No
1.0,298.0,308.6,1453.0,44.1,165.0,1.0,No,M15171,No
0.0,298.3,308.5,1575.0,41.2,105.0,1.0,No,L47381,No
0.0,298.1,308.3,1331.0,63.0,13.0,1.0,No,L47436,No
0.0,298.4,308.2,1282.0,60.7,216.0,0.0,No,L47340,No
0.0,299.0,309.1,1523.0,38.6,177.0,1.0,No,L47244,No
0.0,298.9,310.2,2737.0,8.8,142.0,0.0,No,L48571,No
0.0,302.8,310.9,1312.0,52.2,40.0,0.0,No,L51750,No
0.0,303.4,311.9,1298.0,63.9,59.0,0.0,No,L52020,No
0.0,299.4,310.8,1376.0,53.9,215.0,0.0,No,L55375,No
0.0,299.0,308.9,1622.0,31.9,42.0,1.0,No,L47274,No
1.0,297.5,308.3,1459.0,45.2,34.0,1.0,No,M15206,No
0.0,298.9,308.7,1564.0,34.1,99.0,1.0,No,L47296,No
1.0,298.5,308.3,1440.0,43.6,5.0,1.0,No,M15024,No
0.0,296.4,307.4,2833.0,5.6,213.0,0.0,No,L48027,No
0.0,298.1,308.6,1558.0,42.4,14.0,1.0,No,L47186,No
2.0,302.7,310.4,1305.0,55.2,20.0,0.0,No,H33894,No
0.0,301.0,310.5,1379.0,57.3,204.0,0.0,No,L53435,No
0.0,300.5,310.5,2633.0,12.2,17.0,0.0,No,L54191,No
0.0,297.4,308.6,1439.0,51.9,188.0,1.0,No,L47586,No
0.0,299.0,309.4,1758.0,25.7,68.0,1.0,No,L47203,No
0.0,303.5,311.9,1344.0,49.3,93.0,0.0,No,L51950,No
0.0,302.6,310.4,1365.0,66.8,80.0,0.0,No,L51597,No
0.0,297.9,309.8,1336.0,71.6,31.0,0.0,No,L47783,No
0.0,303.6,312.0,1309.0,52.9,86.0,0.0,No,L51948,No
0.0,298.2,308.3,1589.0,33.2,94.0,1.0,No,L47466,No
1.0,297.4,308.3,1405.0,51.7,108.0,1.0,No,M15232,No
0.0,302.2,310.6,1348.0,48.4,161.0,0.0,No,L51365,No
1.0,298.1,308.6,1551.0,42.8,0.0,1.0,No,M14860,No
1.0,301.9,310.9,1419.0,47.7,20.0,0.0,No,M18904,No
1.0,302.4,310.1,1358.0,54.6,61.0,0.0,No,M19269,No
0.0,299.5,309.4,1390.0,58.8,195.0,0.0,No,L49255,No
1.0,298.1,308.2,1420.0,63.9,19.0,0.0,No,M15119,No
0.0,300.8,311.4,1322.0,67.2,18.0,0.0,No,L54112,No
0.0,302.1,310.7,1359.0,49.3,41.0,0.0,No,L51405,No
2.0,302.1,310.7,1294.0,62.4,101.0,0.0,No,H33492,No
0.0,298.8,308.4,1473.0,41.1,128.0,1.0,No,L47310,No
2.0,298.8,308.8,1445.0,49.9,4.0,1.0,No,H29494,No
0.0,298.7,308.6,1297.0,55.3,148.0,1.0,No,L47317,No
0.0,300.7,310.4,1416.0,61.8,209.0,0.0,No,L54263,No
0.0,298.2,308.1,1306.0,58.3,35.0,1.0,No,L47354,No
1.0,297.5,308.6,1472.0,44.9,198.0,1.0,No,M15270,No
2.0,302.6,311.5,1629.0,34.4,228.0,0.0,No,H33279,No
0.0,298.2,308.4,1512.0,34.9,181.0,1.0,No,L47413,No
0.0,298.9,308.5,1559.0,34.3,126.0,1.0,No,L47309,No
1.0,298.9,309.0,1924.0,22.6,193.0,1.0,No,M14930,No
1.0,302.4,310.1,1379.0,48.9,107.0,0.0,No,M19287,No
1.0,302.1,310.7,1376.0,46.3,210.0,0.0,No,M18980,No
0.0,302.3,310.9,1377.0,46.8,166.0,0.0,No,L50940,No
1.0,296.3,307.2,1319.0,68.3,24.0,0.0,No,M15876,No
0.0,298.2,308.3,1475.0,49.9,47.0,1.0,No,L47360,No
1.0,298.8,309.1,1472.0,47.5,125.0,1.0,No,M14904,No
0.0,301.6,310.8,1355.0,57.8,195.0,0.0,No,L50536,No
1.0,301.4,310.7,1368.0,63.7,92.0,0.0,No,M21400,No
2.0,298.7,308.6,1499.0,43.5,84.0,1.0,No,H29525,No
0.0,298.8,308.4,1737.0,27.7,130.0,1.0,No,L47311,No
0.0,301.9,309.9,1374.0,48.5,180.0,0.0,No,L51462,No
1.0,299.0,309.0,1804.0,26.8,17.0,1.0,No,M14945,No
0.0,298.7,308.5,1467.0,40.7,106.0,1.0,No,L47299,No
0.0,302.0,311.2,1270.0,65.3,182.0,0.0,No,L50864,No
0.0,303.2,311.4,1351.0,53.8,8.0,0.0,No,L51919,No
1.0,297.5,308.1,1334.0,72.0,151.0,0.0,No,M23442,No
0.0,299.1,309.4,1439.0,44.2,82.0,1.0,No,L47208,No
0.0,297.8,307.3,1327.0,61.0,186.0,0.0,No,L49013,No
0.0,297.4,308.3,1412.0,42.0,111.0,1.0,No,L47553,No
1.0,298.9,308.9,1487.0,39.5,30.0,1.0,No,M14949,No
1.0,298.9,308.9,1750.0,29.9,50.0,1.0,No,M14957,No
0.0,298.0,308.0,1401.0,54.7,65.0,1.0,No,L47455,No
1.0,302.1,310.0,1355.0,45.1,6.0,0.0,No,M19249,No
0.0,300.5,311.8,1524.0,38.9,214.0,0.0,No,L54690,No
0.0,298.8,308.9,1461.0,47.9,206.0,1.0,No,L47256,No
0.0,299.1,310.2,1317.0,54.8,231.0,0.0,No,L56844,No
0.0,298.0,308.6,1313.0,50.8,170.0,1.0,No,L47493,No
1.0,297.4,308.3,1774.0,28.9,166.0,1.0,No,M15257,No
0.0,302.1,310.7,1314.0,52.8,8.0,0.0,No,L51391,No
0.0,302.0,310.4,1336.0,58.2,110.0,0.0,No,L51261,No
0.0,301.7,309.9,1317.0,49.0,187.0,0.0,No,L51465,No
1.0,297.4,309.0,1497.0,41.8,144.0,1.0,No,M15332,No
0.0,298.5,308.2,1301.0,66.3,42.0,0.0,No,L49195,No
0.0,301.6,310.1,1326.0,48.2,77.0,0.0,No,L51508,No
0.0,298.1,308.2,1654.0,32.1,25.0,1.0,No,L47441,No
0.0,299.2,308.5,1378.0,50.4,220.0,0.0,No,L49512,No
0.0,302.2,310.6,1346.0,47.5,109.0,0.0,No,L51344,No
1.0,302.3,311.8,1363.0,54.0,119.0,0.0,No,M20396,No
0.0,302.2,310.6,1334.0,53.2,159.0,0.0,No,L51364,No
0.0,298.8,308.6,1872.0,22.5,82.0,1.0,No,L47290,No
0.0,298.7,309.0,1565.0,35.1,152.0,1.0,No,L47233,No
1.0,301.8,310.1,2372.0,13.9,205.0,0.0,No,M19152,No
0.0,298.4,308.4,1515.0,40.1,179.0,1.0,No,L47327,No
1.0,298.8,308.6,1486.0,41.9,92.0,1.0,No,M14973,No
0.0,303.6,311.8,1222.0,66.8,148.0,0.0,No,L51882,No
0.0,298.5,309.4,1360.0,60.9,187.0,0.0,No,L57002,No
0.0,298.8,308.4,1369.0,53.0,138.0,1.0,No,L47314,No
1.0,297.4,308.2,1401.0,51.9,117.0,1.0,No,M15236,No
2.0,298.8,308.9,1466.0,44.1,184.0,1.0,No,H29481,No
0.0,299.0,310.4,1365.0,49.1,226.0,0.0,No,L48514,No
2.0,300.5,309.8,1324.0,72.8,159.0,0.0,No,H32414,No
0.0,297.4,308.4,1369.0,50.6,220.0,0.0,No,L55788,No
0.0,300.4,311.8,1272.0,59.2,198.0,0.0,No,L54939,No
0.0,298.8,309.1,1378.0,54.4,165.0,1.0,No,L47239,No
2.0,300.5,309.9,1397.0,45.9,210.0,0.0,No,H35754,No
0.0,297.6,309.6,1501.0,49.8,222.0,0.0,No,L47766,No
0.0,298.8,309.1,1350.0,52.5,111.0,1.0,No,L47219,No
1.0,297.6,308.5,1490.0,43.4,154.0,1.0,No,M15252,No
0.0,303.4,312.2,1337.0,69.4,52.0,0.0,No,L52100,No
0.0,297.6,308.6,1491.0,38.1,152.0,1.0,No,L47571,No
1.0,299.0,309.0,1351.0,52.2,44.0,1.0,No,M14955,No
0.0,301.7,310.2,1311.0,57.4,40.0,0.0,No,L51318,No
0.0,298.9,308.7,1572.0,34.1,80.0,1.0,No,L47289,No
0.0,298.0,308.3,1473.0,42.6,107.0,1.0,No,L47471,No
1.0,302.3,310.9,1710.0,30.4,218.0,0.0,No,M19067,No
0.0,302.2,311.3,1530.0,37.3,207.0,0.0,No,L50875,No
2.0,300.7,310.2,1364.0,65.3,208.0,0.0,No,H35323,No
0.0,298.8,309.1,1393.0,52.6,167.0,1.0,No,L47240,No
0.0,298.5,309.5,1385.0,46.3,203.0,0.0,No,L55537,No
0.0,298.8,309.1,1513.0,40.3,160.0,1.0,No,L47237,No
1.0,303.4,311.7,1353.0,44.1,192.0,0.0,No,M19580,No
2.0,302.8,312.4,1411.0,53.8,246.0,0.0,No,H34813,No
1.0,298.4,308.0,1416.0,38.2,198.0,0.0,No,M16856,No
0.0,298.4,309.6,1710.0,27.3,163.0,0.0,No,L55686,No
0.0,297.9,308.1,1393.0,50.3,193.0,1.0,No,L47418,No
0.0,297.8,309.0,1403.0,64.2,0.0,0.0,No,L56355,No
0.0,298.5,308.7,1575.0,33.9,128.0,1.0,No,L47391,No
0.0,301.5,310.9,2760.0,8.0,15.0,0.0,No,L50549,No
0.0,297.2,307.9,1326.0,75.4,172.0,0.0,No,L56264,No
0.0,299.1,309.5,1512.0,39.0,75.0,1.0,No,L47206,No
1.0,302.3,310.9,1360.0,44.0,67.0,0.0,No,M18666,No
0.0,302.3,311.4,1333.0,66.7,205.0,0.0,No,L51123,No
1.0,298.9,309.3,1632.0,32.5,55.0,1.0,No,M14879,No
0.0,297.6,309.3,1543.0,34.3,8.0,1.0,No,L47686,No
0.0,298.8,309.1,1489.0,49.1,128.0,1.0,No,L47225,No
1.0,302.1,310.7,1364.0,47.8,213.0,0.0,No,M18981,No
2.0,298.4,308.2,1478.0,43.5,206.0,1.0,No,H29571,No
1.0,297.8,308.4,1579.0,36.6,152.0,1.0,No,M15167,No
1.0,300.3,311.2,1381.0,65.2,136.0,0.0,No,M22424,No
0.0,298.8,308.8,1555.0,40.6,61.0,1.0,No,L47282,No
0.0,297.4,308.7,2874.0,4.2,118.0,0.0,No,L47643,No
0.0,302.7,310.7,1369.0,47.5,11.0,0.0,No,L51738,No
0.0,298.2,308.4,1310.0,61.0,189.0,0.0,No,L48763,No
0.0,298.8,308.6,1268.0,55.8,155.0,1.0,No,L47319,No
0.0,302.0,310.8,1615.0,29.0,235.0,0.0,No,L51214,No
0.0,299.1,310.1,1435.0,48.8,229.0,0.0,No,L56843,No
0.0,298.6,309.8,2271.0,16.2,218.0,0.0,No,L56938,No
0.0,298.4,308.3,1318.0,59.1,22.0,1.0,No,L47349,No
1.0,302.2,310.6,1346.0,49.2,134.0,0.0,No,M19033,No
0.0,298.0,308.2,1611.0,30.6,195.0,1.0,No,L47419,No
0.0,303.8,313.0,1365.0,59.9,205.0,0.0,No,L52399,No
0.0,299.0,308.6,1587.0,38.6,124.0,1.0,No,L47308,No
1.0,298.3,308.7,1667.0,28.6,18.0,1.0,No,M14868,No
0.0,302.5,310.9,1330.0,56.9,97.0,0.0,No,L51429,No
1.0,303.4,312.6,2706.0,9.8,65.0,0.0,No,M20194,No
2.0,297.3,308.8,1419.0,42.4,139.0,1.0,No,H29885,No
1.0,298.2,308.5,2678.0,10.7,86.0,0.0,No,M15054,No
1.0,297.9,308.5,1300.0,53.0,172.0,1.0,No,M15174,No
0.0,297.4,308.2,1471.0,46.5,25.0,1.0,No,L47522,No
0.0,298.6,309.2,1542.0,48.4,42.0,1.0,No,L47195,No
0.0,297.7,308.4,1740.0,27.1,136.0,1.0,No,L47481,No
0.0,298.8,308.9,1852.0,25.0,57.0,1.0,No,L47280,No
0.0,302.7,310.5,1263.0,67.8,197.0,0.0,No,L51642,No
1.0,298.9,309.0,1812.0,25.9,174.0,1.0,No,M14923,No
0.0,297.9,308.4,1646.0,40.6,175.0,1.0,No,L47495,No
0.0,298.1,308.0,1652.0,28.5,63.0,1.0,No,L47454,No
1.0,302.1,310.6,1326.0,59.1,88.0,0.0,No,M18674,No
0.0,297.6,308.3,1623.0,36.9,61.0,1.0,No,L47535,No
2.0,302.0,309.8,1280.0,57.3,147.0,0.0,No,H33769,No
0.0,297.5,308.3,1544.0,40.8,37.0,1.0,No,L47527,No
1.0,300.5,311.1,1296.0,61.3,202.0,0.0,No,M22451,No
0.0,297.8,308.4,1518.0,32.5,190.0,1.0,No,L47501,No
1.0,297.6,308.3,1467.0,36.7,68.0,1.0,No,M15218,No
0.0,298.5,308.4,1733.0,26.0,8.0,1.0,No,L47345,No
0.0,298.1,308.1,1484.0,40.4,59.0,1.0,No,L47452,No
1.0,297.5,309.2,1530.0,40.0,206.0,1.0,No,M15356,No
0.0,298.4,308.6,1569.0,34.4,160.0,1.0,No,L47403,No
1.0,298.9,309.2,1581.0,36.7,101.0,1.0,No,M14896,No
0.0,297.4,309.0,1324.0,56.9,173.0,1.0,No,?,No
2.0,300.3,309.9,1394.0,46.7,210.0,0.0,No,H35833,No
0.0,297.5,308.5,1546.0,40.4,129.0,1.0,No,L47561,No
0.0,300.5,311.2,1270.0,67.5,208.0,0.0,No,L54773,No
0.0,300.8,310.1,1405.0,61.2,189.0,0.0,No,L53428,No
0.0,298.2,308.3,1304.0,49.8,45.0,1.0,No,L47359,No
0.0,298.8,308.6,1680.0,29.4,95.0,1.0,No,L47294,No
0.0,298.8,309.1,1512.0,40.7,156.0,1.0,No,L47235,No
0.0,298.8,308.9,1398.0,51.5,0.0,1.0,No,L47258,No
0.0,303.2,311.4,1324.0,54.2,228.0,0.0,No,L51823,No
0.0,298.1,308.4,1438.0,45.6,105.0,1.0,No,L47470,No
0.0,298.4,308.3,1422.0,42.7,186.0,1.0,No,L47330,No
1.0,298.8,308.6,1707.0,28.1,103.0,1.0,No,M14978,No
0.0,301.0,310.6,1493.0,37.8,206.0,0.0,No,L53436,No
0.0,299.2,309.0,1515.0,48.9,228.0,0.0,No,L49682,No
1.0,299.0,310.3,1303.0,68.6,111.0,0.0,No,M23105,No
1.0,301.1,310.7,2636.0,12.2,100.0,0.0,No,M21659,No
0.0,302.0,310.9,1378.0,53.1,212.0,0.0,No,L50708,No
0.0,298.3,308.5,1539.0,36.1,168.0,1.0,No,L47407,No
0.0,298.3,308.4,1329.0,49.2,166.0,1.0,No,L47406,No
0.0,297.4,308.6,1459.0,41.3,196.0,1.0,No,L47589,No
0.0,298.9,309.0,1601.0,32.3,202.0,1.0,No,L47254,No
1.0,298.8,308.5,1711.0,28.5,140.0,1.0,No,M14995,No
0.0,301.0,311.0,1399.0,58.0,190.0,0.0,No,L53339,No
0.0,298.9,308.8,1529.0,32.7,53.0,1.0,No,L47278,No
0.0,301.6,310.1,1362.0,55.8,70.0,0.0,No,L51506,No
0.0,300.4,311.6,1200.0,76.6,3.0,0.0,No,L54943,No
1.0,298.9,308.2,1372.0,63.6,30.0,0.0,No,M17286,No
0.0,303.4,311.7,1295.0,51.3,51.0,0.0,No,L51935,No
2.0,302.3,310.9,1366.0,48.4,130.0,0.0,No,H33243,No
1.0,298.0,308.1,1587.0,32.3,30.0,1.0,No,M15123,No
0.0,298.2,308.7,1408.0,40.0,9.0,1.0,No,L47184,No
1.0,300.0,311.4,1692.0,29.0,216.0,0.0,No,M22286,No
0.0,298.0,308.1,1454.0,37.1,35.0,1.0,No,L47445,No
0.0,298.8,309.3,1450.0,44.8,63.0,1.0,No,L47201,No
1.0,297.5,308.3,1622.0,37.2,103.0,1.0,No,M15230,No
0.0,297.0,307.8,1385.0,56.4,202.0,0.0,No,L48265,No
1.0,297.6,308.4,1391.0,51.9,218.0,1.0,No,M15191,No
1.0,298.0,307.9,1750.0,26.6,67.0,1.0,No,M15136,No
2.0,297.6,308.3,1640.0,30.9,79.0,1.0,No,H29776,No
0.0,298.2,308.7,1408.0,46.3,3.0,1.0,No,L47181,No
0.0,303.2,311.4,1238.0,54.6,226.0,0.0,No,L51822,No
0.0,298.9,308.7,1558.0,41.2,110.0,1.0,No,L47301,No
0.0,298.4,308.6,1433.0,47.1,101.0,1.0,No,L47379,No
1.0,298.5,309.0,1741.0,28.0,21.0,1.0,No,M14869,No
0.0,303.3,311.6,1337.0,56.8,187.0,0.0,No,L51898,No
1.0,303.0,312.2,1257.0,71.3,122.0,0.0,No,M20475,No
1.0,297.5,308.3,1521.0,38.2,74.0,1.0,No,M15220,No
0.0,302.3,310.9,1379.0,49.3,34.0,0.0,No,L50973,No
0.0,298.0,308.7,1268.0,69.4,189.0,0.0,No,L48676,No
1.0,298.4,308.7,1421.0,60.7,119.0,0.0,No,M15067,No
0.0,301.7,310.9,1405.0,46.4,207.0,0.0,No,L50791,No
2.0,298.0,308.6,1526.0,41.8,160.0,1.0,No,H29724,No
0.0,298.8,309.1,1439.0,39.2,104.0,1.0,No,L47217,No
1.0,302.6,311.6,1227.0,68.2,187.0,0.0,No,M18795,No
1.0,298.8,308.8,1497.0,46.8,72.0,1.0,No,M14967,No
2.0,298.8,309.9,1439.0,45.2,40.0,0.0,No,H30851,No
0.0,301.8,310.2,2825.0,5.8,215.0,0.0,No,L51476,No
0.0,302.5,310.2,1329.0,50.6,148.0,0.0,No,L51621,No
0.0,302.0,309.9,1308.0,57.6,197.0,0.0,No,L51550,No
0.0,298.2,308.1,1462.0,50.8,27.0,1.0,No,L47351,No
1.0,298.1,308.3,1680.0,33.7,185.0,1.0,No,M15095,No
0.0,301.9,310.5,1340.0,55.7,204.0,0.0,No,L51297,No
0.0,297.7,309.3,1893.0,24.6,15.0,1.0,No,L47688,No
0.0,300.1,311.3,2579.0,12.5,64.0,0.0,No,L54716,No
1.0,298.1,308.1,1456.0,43.7,80.0,1.0,No,M15140,No
1.0,298.4,308.2,1499.0,40.0,211.0,1.0,No,M15018,No
1.0,302.1,311.0,1351.0,60.3,207.0,0.0,No,M18884,No
0.0,297.3,308.2,1754.0,29.4,123.0,1.0,No,L47558,No
1.0,302.6,311.0,1329.0,48.6,111.0,0.0,No,M19113,No
2.0,297.9,308.5,2129.0,18.7,126.0,1.0,No,H29712,No
0.0,297.8,308.4,2129.0,19.2,148.0,1.0,No,L47485,No
0.0,296.8,308.1,1289.0,62.0,199.0,0.0,No,L47926,No
0.0,298.0,308.5,1395.0,46.2,122.0,1.0,No,L47476,No
0.0,303.2,311.4,1349.0,51.1,9.0,0.0,No,L51831,No
0.0,298.3,308.5,1362.0,53.8,164.0,1.0,No,L47405,No
0.0,298.8,309.1,1362.0,45.4,113.0,1.0,No,L47220,No
0.0,303.7,312.7,1359.0,56.8,194.0,0.0,No,L52156,No
0.0,297.4,309.1,1478.0,49.8,150.0,1.0,No,L47654,No
1.0,298.1,308.1,1390.0,49.8,85.0,1.0,No,M15142,No
0.0,298.5,309.7,2617.0,12.1,102.0,0.0,No,L55578,No
0.0,302.6,310.9,1331.0,52.0,154.0,0.0,No,L51450,No
2.0,298.7,308.5,1420.0,45.7,143.0,1.0,No,H29550,No
1.0,297.5,308.6,1842.0,27.0,133.0,1.0,No,M15243,No
0.0,297.4,308.3,1571.0,37.7,162.0,1.0,No,L47575,No
1.0,297.6,308.7,1408.0,54.8,147.0,1.0,No,M15249,No
0.0,298.1,308.2,1485.0,40.7,57.0,1.0,No,L47363,No
2.0,298.2,308.4,1678.0,34.6,81.0,1.0,No,H29607,No
0.0,298.8,309.0,1829.0,22.9,172.0,1.0,No,L47242,No
1.0,302.9,311.2,1330.0,53.7,200.0,0.0,No,M19492,No
0.0,298.3,308.6,1548.0,40.3,140.0,1.0,No,L47395,No
0.0,299.4,308.7,1446.0,62.9,134.0,0.0,No,L49479,No
0.0,298.4,308.6,1477.0,44.0,124.0,1.0,No,L47389,No
0.0,298.2,308.2,1446.0,38.2,61.0,1.0,No,L47365,No
1.0,297.6,308.4,1398.0,48.9,63.0,1.0,No,M15216,No
1.0,298.7,308.4,1430.0,49.6,135.0,1.0,No,M14993,No
1.0,302.0,310.4,1212.0,55.6,79.0,0.0,No,M19013,No
1.0,298.3,308.3,1379.0,48.0,181.0,1.0,No,M15008,No
2.0,298.2,308.4,1398.0,51.8,76.0,1.0,No,H29606,No
2.0,303.6,312.2,1371.0,54.6,112.0,0.0,No,H34192,No
0.0,301.8,309.7,1442.0,45.3,233.0,0.0,No,L51565,No
0.0,298.8,308.7,1591.0,31.1,68.0,1.0,No,L47285,No
0.0,301.8,310.6,2672.0,11.8,124.0,0.0,No,L50759,No
0.0,299.1,309.0,1450.0,43.0,40.0,1.0,No,L47273,No
2.0,297.4,308.3,1502.0,43.6,169.0,1.0,No,H29812,No
2.0,298.2,308.3,1824.0,24.2,49.0,1.0,No,H29595,No
2.0,303.7,311.9,1332.0,52.7,66.0,0.0,No,H34175,No
1.0,297.5,308.1,1469.0,44.8,5.0,1.0,No,M15194,No
0.0,300.8,309.9,1312.0,65.3,192.0,0.0,No,L53677,No
0.0,302.5,310.4,1349.0,55.1,187.0,0.0,No,L51724,No
1.0,298.8,309.1,1368.0,49.1,117.0,1.0,No,M14902,No
1.0,302.1,310.1,1379.0,48.2,166.0,0.0,No,M19221,No
1.0,300.6,309.4,1367.0,63.2,45.0,0.0,No,M17739,No
0.0,300.7,311.1,2478.0,13.4,170.0,0.0,No,L54170,No
0.0,299.5,308.7,2549.0,13.0,179.0,0.0,No,L49413,No
0.0,302.4,310.3,1374.0,51.2,163.0,0.0,No,L51628,No
1.0,298.3,308.6,1589.0,37.1,137.0,1.0,No,M15074,No
1.0,302.2,310.1,1368.0,51.6,12.0,0.0,No,M19251,No
1.0,302.2,310.6,1355.0,51.5,126.0,0.0,No,M19030,No
0.0,296.9,307.5,2721.0,9.3,18.0,0.0,No,L48275,No
2.0,300.6,309.4,1380.0,47.6,246.0,0.0,No,H32278,No
1.0,299.7,309.2,1685.0,28.9,179.0,0.0,No,M17609,No
0.0,298.4,308.7,1386.0,44.9,135.0,1.0,No,L47393,No
1.0,298.0,308.1,1339.0,51.6,197.0,1.0,No,M15100,No
0.0,302.7,312.4,1477.0,46.3,251.0,0.0,No,L52580,No
0.0,299.0,309.1,1394.0,45.1,179.0,1.0,No,L47245,No
2.0,297.8,308.4,1512.0,35.1,138.0,1.0,No,H29716,No
0.0,300.6,310.7,1438.0,48.5,78.0,0.0,No,L53121,No
0.0,299.0,309.0,1469.0,40.1,13.0,1.0,No,L47263,No
0.0,299.1,308.8,1320.0,67.5,20.0,0.0,No,L49778,No
1.0,298.0,308.7,1479.0,58.5,176.0,0.0,No,M16352,No
0.0,300.8,310.6,1577.0,37.9,227.0,0.0,No,L53352,No
0.0,300.5,311.8,1368.0,57.9,191.0,0.0,No,L54936,No
0.0,297.8,308.5,1699.0,27.8,199.0,1.0,No,L47505,No
0.0,297.8,308.4,1685.0,28.4,179.0,1.0,No,L47497,No
1.0,301.8,309.9,1334.0,61.0,182.0,0.0,No,M19143,No
0.0,299.0,309.9,1373.0,55.7,201.0,0.0,No,L56833,No
1.0,298.1,308.2,1342.0,48.1,54.0,1.0,No,M15042,No
1.0,298.4,308.6,1527.0,40.9,96.0,1.0,No,M15057,No
0.0,298.1,308.3,1495.0,38.7,188.0,1.0,No,L47416,No
0.0,301.9,310.4,1376.0,54.9,126.0,0.0,No,L51267,No
1.0,301.9,310.4,1373.0,48.0,73.0,0.0,No,M19011,No
1.0,302.4,310.3,1375.0,52.5,161.0,0.0,No,M19393,No
0.0,303.4,311.8,1306.0,61.0,215.0,0.0,No,L51909,No
0.0,298.0,308.3,1362.0,56.8,216.0,0.0,No,L47428,No
1.0,298.9,309.3,1581.0,30.7,65.0,1.0,No,M14882,No
0.0,297.8,308.4,1374.0,47.1,150.0,1.0,No,L47486,No
1.0,302.0,309.7,1386.0,62.7,142.0,0.0,No,M19213,No
0.0,304.4,313.7,1509.0,35.0,205.0,0.0,No,L52321,No
0.0,297.7,308.5,1501.0,41.4,201.0,1.0,No,L47506,No
0.0,298.9,309.1,1383.0,54.9,145.0,1.0,No,L47231,No
1.0,297.9,308.1,1627.0,31.4,209.0,1.0,No,M15105,No
1.0,303.4,311.8,1316.0,50.9,69.0,0.0,No,M19704,No
1.0,298.0,308.0,1620.0,29.4,75.0,1.0,No,M15138,No
0.0,297.3,308.1,1615.0,35.4,217.0,0.0,No,L56198,No
0.0,298.8,308.8,1523.0,44.4,55.0,1.0,No,L47279,No
1.0,297.6,308.4,1611.0,31.0,48.0,1.0,No,M15211,No
2.0,298.4,308.2,1612.0,32.6,10.0,1.0,No,H29580,No
1.0,298.7,310.1,1402.0,69.7,64.0,0.0,No,M23167,No
1.0,298.8,309.2,1452.0,48.6,98.0,1.0,No,M14895,No
0.0,298.2,308.4,1478.0,42.9,183.0,1.0,No,L47414,No
0.0,302.6,310.2,1325.0,62.4,92.0,0.0,No,L51601,No
2.0,298.9,308.8,1621.0,32.7,75.0,1.0,No,H29522,No
1.0,302.8,312.3,1262.0,70.5,234.0,0.0,No,M20254,No
0.0,303.2,311.2,1363.0,46.7,29.0,0.0,No,L51928,No
1.0,303.0,311.1,1372.0,54.3,117.0,0.0,No,M19461,No
2.0,298.4,308.9,1782.0,23.9,24.0,1.0,No,H29424,No
0.0,297.5,308.5,1335.0,48.0,131.0,1.0,No,L47562,No
0.0,299.0,310.2,1377.0,62.5,92.0,0.0,No,L56793,No
1.0,298.1,308.6,1425.0,41.9,11.0,1.0,No,M14865,No
0.0,298.3,308.6,1499.0,38.3,142.0,1.0,No,L47396,No
0.0,298.2,308.4,1379.0,43.1,65.0,1.0,No,L47367,No
0.0,297.8,308.4,1714.0,33.2,177.0,1.0,No,L47496,No
0.0,297.3,308.6,1297.0,45.9,184.0,1.0,No,L47584,No
0.0,302.6,312.1,1288.0,68.5,0.0,0.0,No,L52670,No
0.0,298.9,309.8,1287.0,61.9,216.0,0.0,No,L56839,No
2.0,297.6,308.3,1400.0,44.3,43.0,1.0,No,H29764,No
0.0,299.2,309.1,1345.0,60.7,191.0,0.0,No,L49761,No
1.0,297.6,308.5,1552.0,40.9,90.0,1.0,No,M15226,No
1.0,298.3,308.5,1629.0,37.1,170.0,1.0,No,M15088,No
1.0,298.4,308.2,1584.0,41.0,191.0,1.0,No,M15012,No
0.0,298.8,308.7,1445.0,48.5,70.0,1.0,No,L47286,No
1.0,298.7,308.4,1441.0,43.2,132.0,1.0,No,M14992,No
0.0,298.7,309.8,1181.0,65.9,203.0,0.0,No,L55617,No
2.0,298.3,308.6,1432.0,49.5,91.0,1.0,No,H29610,No
0.0,301.7,311.0,1441.0,44.3,208.0,0.0,No,L53939,No
1.0,301.5,310.7,1336.0,65.6,0.0,0.0,No,M21538,No
0.0,298.2,308.4,1666.0,34.6,74.0,1.0,No,L47371,No
0.0,298.3,308.5,1538.0,32.2,173.0,1.0,No,L47409,No
0.0,298.4,308.6,1304.0,45.0,158.0,1.0,No,L47402,No
1.0,298.9,309.2,1412.0,44.1,140.0,1.0,No,M14909,No
0.0,297.7,308.5,1373.0,56.7,203.0,0.0,No,L47507,No
0.0,298.4,308.7,1523.0,36.1,126.0,1.0,No,L47390,No
0.0,298.1,308.4,1436.0,46.7,103.0,1.0,No,L47469,No
0.0,298.8,308.9,1527.0,32.4,189.0,1.0,No,L47248,No
0.0,300.5,309.3,1417.0,51.5,231.0,0.0,No,L50038,No
0.0,301.9,310.6,1331.0,68.6,85.0,0.0,No,L51251,No
0.0,298.9,309.3,1665.0,32.5,93.0,1.0,No,L47213,No
0.0,297.5,308.3,1388.0,48.6,27.0,1.0,No,L47523,No
2.0,299.1,309.4,1811.0,24.6,77.0,1.0,No,H29441,No
1.0,298.8,310.1,1243.0,74.5,194.0,0.0,No,M16184,No
0.0,298.3,308.4,1408.0,43.1,177.0,1.0,No,L47411,No
1.0,302.7,311.1,1297.0,60.7,125.0,0.0,No,M19118,No
0.0,298.7,309.8,1354.0,53.3,212.0,0.0,No,L48599,No
1.0,298.6,309.2,1742.0,30.0,37.0,1.0,No,M14873,No
0.0,297.4,308.3,1475.0,40.5,222.0,0.0,No,L55789,No
1.0,297.6,308.2,1995.0,20.5,10.0,1.0,No,M15196,No
1.0,298.7,309.0,1843.0,25.8,130.0,1.0,No,M14906,No
0.0,297.9,308.6,1468.0,36.0,168.0,1.0,No,L47492,No
0.0,297.8,308.4,1512.0,39.9,181.0,1.0,No,L47498,No
0.0,302.7,310.5,1446.0,40.9,211.0,0.0,No,L51649,No
0.0,301.1,310.9,1282.0,67.9,10.0,0.0,No,L53358,No
0.0,303.7,312.1,1363.0,51.8,90.0,0.0,No,L52031,No
0.0,298.3,308.5,1606.0,33.6,67.0,1.0,No,L47368,No
0.0,297.3,308.5,1350.0,57.6,186.0,1.0,No,L47585,No
0.0,298.6,309.2,2035.0,19.6,40.0,1.0,No,L47194,No
1.0,298.6,308.4,1391.0,42.4,169.0,1.0,No,M15004,No
1.0,298.9,308.9,1679.0,28.7,181.0,1.0,No,M14926,No
0.0,298.2,308.2,1469.0,43.0,88.0,1.0,No,L47463,No
2.0,298.9,309.3,1375.0,42.7,58.0,1.0,No,H29434,No
0.0,298.4,308.3,1473.0,39.9,184.0,1.0,No,L47329,No
0.0,297.0,308.1,1362.0,52.5,213.0,0.0,No,L48347,No
1.0,296.7,307.8,1258.0,69.0,105.0,0.0,No,M15984,No
1.0,297.6,308.3,1538.0,40.2,0.0,1.0,No,M15192,No
0.0,298.3,308.1,1586.0,35.5,0.0,1.0,No,L47342,No
1.0,301.6,310.6,1309.0,65.8,75.0,0.0,No,M21478,No
0.0,297.6,308.3,1617.0,31.7,39.0,1.0,No,L47528,No
0.0,302.4,310.9,1349.0,46.1,148.0,0.0,No,L51359,No
2.0,297.6,308.4,1703.0,31.4,205.0,1.0,No,H29742,No
0.0,302.5,310.3,1326.0,58.5,55.0,0.0,No,L51586,No
0.0,298.8,308.6,1431.0,45.7,97.0,1.0,No,L47295,No
0.0,298.0,308.1,1819.0,23.4,78.0,1.0,No,L47459,No
1.0,303.4,311.8,1341.0,47.0,210.0,0.0,No,M19587,No
0.0,299.9,310.2,1288.0,69.6,62.0,0.0,No,L54460,No
2.0,296.9,307.8,1549.0,35.8,206.0,0.0,No,H30501,No
0.0,299.0,309.4,1798.0,25.5,89.0,1.0,No,L47211,No
0.0,300.6,310.3,1648.0,30.5,217.0,0.0,No,L54267,No
0.0,298.4,308.6,1609.0,35.0,103.0,1.0,No,L47380,No
0.0,300.8,310.7,1339.0,59.1,203.0,0.0,No,L53258,No
2.0,302.5,310.9,1356.0,55.5,101.0,0.0,No,H33665,No
0.0,302.6,311.5,1442.0,59.8,169.0,0.0,No,L51108,No
0.0,303.3,311.3,1350.0,48.1,32.0,0.0,No,L51841,No
0.0,298.5,309.5,1294.0,66.7,12.0,0.0,No,L56944,No
1.0,298.8,309.0,1661.0,29.5,162.0,1.0,No,M14918,No
0.0,298.1,308.3,1301.0,56.0,63.0,1.0,No,L47366,No
0.0,298.5,308.4,1513.0,33.6,172.0,1.0,No,L47325,No
0.0,303.1,312.4,1404.0,61.5,127.0,0.0,No,L52797,No
0.0,302.6,311.0,1369.0,60.0,93.0,0.0,No,L51427,No
0.0,303.8,313.1,2497.0,13.0,5.0,0.0,No,L52168,No
1.0,297.4,308.2,1530.0,32.6,22.0,1.0,No,M15201,No
0.0,298.2,308.3,1568.0,36.0,92.0,1.0,No,L47465,No
0.0,298.8,308.6,1599.0,33.0,101.0,1.0,No,L47297,No
0.0,299.1,309.8,1398.0,55.4,217.0,0.0,No,L56673,No
0.0,302.4,310.2,1331.0,45.5,53.0,0.0,No,L51585,No
0.0,298.4,308.2,1471.0,47.0,214.0,1.0,No,L47339,No
1.0,298.2,308.0,1591.0,33.7,32.0,1.0,No,M15033,No
0.0,302.3,310.1,1321.0,52.7,134.0,0.0,No,L51615,No
0.0,298.3,308.6,1584.0,29.3,162.0,1.0,No,L47404,No
1.0,297.4,308.5,1600.0,42.1,190.0,1.0,No,M15267,No
0.0,301.9,310.4,1370.0,51.7,153.0,0.0,No,L51276,No
2.0,298.4,308.7,1344.0,52.9,130.0,1.0,No,H29626,No
1.0,298.1,308.0,1924.0,20.8,29.0,1.0,No,M15032,No
0.0,298.2,307.6,1511.0,31.0,209.0,0.0,No,L48943,No
1.0,303.7,312.0,2663.0,11.4,71.0,0.0,No,M19622,No
0.0,297.6,308.4,1353.0,57.5,88.0,1.0,No,L47545,No
2.0,298.8,309.0,1497.0,43.8,147.0,1.0,No,H29466,No
0.0,297.4,308.3,1431.0,43.0,113.0,1.0,No,L47554,No
0.0,303.0,311.2,1341.0,51.0,174.0,0.0,No,L51801,No
0.0,297.6,308.3,1595.0,34.3,41.0,1.0,No,L47529,No
0.0,299.1,308.8,1329.0,53.6,207.0,0.0,No,L49674,No
0.0,297.9,308.1,1585.0,33.5,212.0,1.0,No,L47426,No
0.0,299.0,310.4,1371.0,53.8,228.0,0.0,No,L48515,No
0.0,297.5,308.4,1489.0,39.5,96.0,1.0,No,L47548,No
0.0,297.1,308.5,1323.0,44.4,207.0,0.0,No,L55870,No
0.0,298.8,309.1,1368.0,50.8,115.0,1.0,No,L47221,No
0.0,298.4,308.7,1588.0,35.0,99.0,1.0,No,L47378,No
0.0,299.0,309.4,1693.0,30.1,84.0,1.0,No,L47209,No
1.0,298.1,308.6,1716.0,30.7,119.0,1.0,No,M15155,No
0.0,298.1,308.2,1390.0,47.5,33.0,1.0,No,L47444,No
0.0,303.0,311.2,1374.0,48.2,65.0,0.0,No,L51759,No
0.0,303.4,311.9,1377.0,41.6,34.0,0.0,No,L52013,No
2.0,298.4,308.5,1827.0,24.3,153.0,1.0,No,H29635,No
0.0,297.4,308.2,1533.0,37.4,115.0,1.0,No,L47555,No
2.0,298.6,309.1,1423.0,44.3,29.0,1.0,No,H29425,No
0.0,302.4,311.9,1290.0,70.0,139.0,0.0,No,L52886,No
0.0,297.6,308.3,1438.0,47.8,84.0,1.0,No,L47543,No
2.0,296.6,307.7,1386.0,62.3,100.0,0.0,No,H30537,No
1.0,298.0,308.2,1466.0,42.6,2.0,1.0,No,M15111,No
2.0,297.5,308.3,1674.0,30.0,54.0,1.0,No,H29767,No
0.0,297.5,308.3,1596.0,36.8,77.0,1.0,No,L47541,No
0.0,297.5,308.2,1563.0,38.2,15.0,1.0,No,L47518,No
0.0,297.3,308.6,1511.0,35.7,120.0,1.0,No,L47644,No
0.0,299.6,310.9,1229.0,65.2,209.0,0.0,No,L55372,No
1.0,299.6,309.2,1867.0,23.4,225.0,0.0,No,M17026,No
0.0,298.8,308.9,1455.0,41.3,208.0,0.0,No,L47257,No
0.0,301.8,310.3,1341.0,50.5,64.0,0.0,No,L51503,No
0.0,299.0,308.8,1310.0,50.7,112.0,1.0,No,L47302,No
2.0,298.8,308.6,1449.0,49.4,150.0,1.0,No,H29552,No
0.0,298.0,308.2,1348.0,58.8,202.0,0.0,No,L47422,No
2.0,297.9,307.4,1604.0,36.1,225.0,0.0,No,H31096,No
0.0,298.9,308.9,1753.0,25.8,33.0,1.0,No,L47270,No
0.0,301.6,310.7,1380.0,51.8,216.0,0.0,No,L53853,No
2.0,298.0,308.0,1520.0,39.6,51.0,1.0,No,H29684,No
0.0,302.4,311.0,1338.0,67.6,194.0,0.0,No,L51034,No
0.0,297.6,308.4,1407.0,55.2,86.0,1.0,No,L47544,No
1.0,297.5,308.4,1350.0,52.2,157.0,1.0,No,M15253,No
1.0,302.7,311.6,2709.0,9.7,2.0,0.0,No,M18727,No
2.0,297.9,308.0,1800.0,24.8,44.0,1.0,No,H29682,No
0.0,298.0,308.3,1662.0,32.7,0.0,1.0,No,L47430,No
0.0,298.0,308.2,1365.0,52.9,218.0,0.0,No,L48775,No
1.0,300.7,309.6,1996.0,19.8,203.0,0.0,No,M17801,No
1.0,298.0,308.2,1395.0,49.1,206.0,1.0,No,M15104,No
0.0,300.8,312.4,1465.0,59.1,91.0,0.0,No,L55064,No
1.0,297.6,308.4,1507.0,46.0,51.0,1.0,No,M15212,No
0.0,303.0,311.3,1365.0,56.2,146.0,0.0,No,L51791,No
0.0,303.3,311.6,1301.0,45.1,219.0,0.0,No,L51911,No
0.0,303.3,311.4,1497.0,46.0,234.0,0.0,No,L51826,No
0.0,299.6,310.7,1922.0,23.3,205.0,0.0,No,L56756,No
0.0,295.7,306.2,2270.0,14.6,149.0,0.0,No,L48083,No
1.0,303.6,312.8,2659.0,11.4,26.0,0.0,No,M19857,No
0.0,299.0,308.6,1329.0,60.5,120.0,1.0,No,L47306,No
1.0,299.7,309.3,1399.0,41.9,221.0,0.0,No,M17531,No
1.0,303.3,311.5,1373.0,47.3,60.0,0.0,No,M19529,No
0.0,298.1,307.7,2567.0,12.8,125.0,0.0,No,L48988,No
1.0,298.8,308.7,1498.0,39.5,89.0,1.0,No,M14972,No
0.0,300.3,310.3,1362.0,60.3,206.0,0.0,No,L54347,No
2.0,298.8,309.2,1425.0,53.9,135.0,1.0,No,H29462,No
0.0,303.1,311.3,1336.0,52.6,172.0,0.0,No,L51800,No
0.0,303.5,311.6,1361.0,46.5,62.0,0.0,No,L51939,No
0.0,298.1,308.6,1354.0,53.9,207.0,0.0,No,L56594,No
0.0,302.1,310.7,1325.0,45.1,208.0,0.0,No,L51299,No
1.0,298.6,309.2,1311.0,46.6,44.0,1.0,No,M14876,No
0.0,297.4,308.3,1490.0,42.6,164.0,1.0,No,L47576,No
0.0,298.3,308.0,2886.0,3.8,57.0,0.0,No,L48964,No
0.0,301.2,311.6,1461.0,52.9,208.0,0.0,No,L54104,No
0.0,295.6,306.1,1372.0,55.6,215.0,0.0,No,L48106,No
1.0,298.9,308.9,1727.0,27.1,37.0,1.0,No,M14952,No
0.0,297.9,308.0,1954.0,21.1,42.0,1.0,No,L47447,No
2.0,298.0,308.1,1440.0,43.7,37.0,1.0,No,H29680,No
1.0,300.4,311.8,1553.0,33.1,209.0,0.0,No,M22971,No
0.0,297.4,308.5,2100.0,16.9,176.0,1.0,No,L47580,No
0.0,298.0,308.2,1357.0,48.2,7.0,1.0,No,L47433,No
1.0,303.9,313.2,1422.0,48.0,215.0,0.0,No,M20169,No
0.0,301.3,310.1,1269.0,56.8,195.0,0.0,No,L50446,No
0.0,298.7,309.0,1691.0,30.1,154.0,1.0,No,L47234,No
1.0,299.0,309.4,1561.0,37.3,70.0,1.0,No,M14884,No
0.0,301.7,309.5,1298.0,65.5,229.0,0.0,No,L51563,No
1.0,298.4,308.2,1463.0,37.6,188.0,1.0,No,M15011,No
0.0,297.3,308.6,1273.0,59.8,182.0,1.0,No,L47583,No
0.0,298.4,308.3,1433.0,62.3,20.0,0.0,No,L47348,No
0.0,298.0,308.5,1713.0,25.3,124.0,1.0,No,L47477,No
0.0,303.5,312.4,1284.0,70.6,94.0,0.0,No,L52116,No
0.0,298.9,309.0,1410.0,65.7,191.0,0.0,No,L47249,No
0.0,302.0,310.4,1357.0,58.0,108.0,0.0,No,L51260,No
1.0,301.0,312.2,2710.0,9.7,143.0,0.0,No,M22857,No
0.0,299.0,309.1,1592.0,35.0,200.0,1.0,No,L47253,No
1.0,297.6,308.6,1414.0,45.4,138.0,1.0,No,M15245,No
0.0,300.7,310.9,1356.0,65.3,66.0,0.0,No,L53204,No
0.0,302.3,311.8,1369.0,56.2,208.0,0.0,No,L52914,No
1.0,297.8,308.3,1567.0,35.6,131.0,1.0,No,M15159,No
0.0,298.7,308.5,1544.0,35.2,159.0,1.0,No,L47321,No
0.0,301.9,310.9,1567.0,39.0,214.0,0.0,No,L50709,No
0.0,303.0,311.2,1361.0,47.6,106.0,0.0,No,L51776,No
0.0,300.7,311.9,1335.0,57.1,194.0,0.0,No,L55106,No
0.0,302.0,310.8,1383.0,50.3,231.0,0.0,No,L51212,No
2.0,298.4,308.3,1458.0,42.9,15.0,1.0,No,H29581,No
0.0,297.8,308.4,1737.0,27.5,146.0,1.0,No,L47484,No
0.0,298.8,308.7,1450.0,43.4,66.0,1.0,No,L47284,No
0.0,300.7,311.9,1399.0,50.2,222.0,0.0,No,L55206,No
1.0,300.3,311.7,1374.0,47.9,222.0,0.0,No,M22709,No
0.0,297.4,308.5,1399.0,61.5,61.0,0.0,No,L47622,No
1.0,303.4,311.4,1307.0,54.0,44.0,0.0,No,M19525,No
0.0,298.0,308.3,1405.0,56.2,218.0,0.0,No,L47429,No
1.0,298.3,308.4,1539.0,43.4,69.0,1.0,No,M15049,No
0.0,300.2,311.0,1255.0,71.8,149.0,0.0,No,L54749,No
0.0,298.0,308.2,1442.0,44.1,204.0,1.0,No,L47423,No
0.0,302.7,312.2,1450.0,52.1,213.0,0.0,No,L52668,No
2.0,298.6,308.4,1407.0,50.5,164.0,1.0,No,H29557,No
0.0,297.5,308.5,1712.0,26.8,136.0,1.0,No,L47564,No
1.0,298.0,308.1,1552.0,36.6,190.0,1.0,No,M15097,No
0.0,298.3,308.6,1447.0,38.1,146.0,1.0,No,L47398,No
1.0,295.8,306.3,1235.0,76.2,89.0,0.0,No,M15740,No
0.0,298.2,308.2,1436.0,50.2,43.0,1.0,No,L47358,No
0.0,297.8,308.4,1622.0,38.3,134.0,1.0,No,L47480,No
1.0,297.6,309.3,1529.0,41.9,3.0,1.0,No,M15364,No
0.0,298.4,308.5,1490.0,37.9,110.0,1.0,No,L47383,No
0.0,298.4,308.6,1591.0,36.7,122.0,1.0,No,L47388,No
1.0,297.2,308.1,1340.0,61.3,207.0,0.0,No,M23874,No
1.0,297.4,308.2,1424.0,53.9,120.0,1.0,No,M15237,No
2.0,297.7,308.5,1720.0,29.9,210.0,1.0,No,H29743,No
0.0,298.9,308.9,1450.0,47.5,9.0,1.0,No,L47261,No
0.0,301.4,310.8,1285.0,62.6,183.0,0.0,No,L50530,No
0.0,297.8,308.9,1871.0,25.6,200.0,0.0,No,L56354,No
0.0,297.6,308.3,1658.0,34.3,59.0,1.0,No,L47534,No
0.0,299.3,308.9,1258.0,69.4,119.0,0.0,No,L49305,No
0.0,298.0,308.2,1469.0,45.5,214.0,1.0,No,L47427,No
0.0,300.7,311.8,1336.0,58.4,189.0,0.0,No,L54849,No
0.0,297.5,308.5,1722.0,30.4,178.0,1.0,No,L47581,No
1.0,299.0,309.0,1575.0,35.3,47.0,1.0,No,M14956,No
1.0,303.0,311.3,1335.0,53.6,164.0,0.0,No,M19478,No
0.0,299.1,310.0,1367.0,56.3,203.0,0.0,No,L56834,No
0.0,297.7,308.7,1249.0,60.4,143.0,1.0,No,L47567,No
0.0,298.9,308.9,1422.0,47.6,15.0,1.0,No,L47264,No
0.0,297.5,309.3,1470.0,38.8,197.0,1.0,No,L47673,No
0.0,304.0,312.9,1363.0,62.5,200.0,0.0,No,L52241,No
1.0,297.4,308.8,1325.0,62.4,204.0,0.0,No,M23706,No
2.0,298.8,309.2,1372.0,48.5,120.0,1.0,No,H29457,No
2.0,299.0,309.0,1436.0,43.9,20.0,1.0,No,H29500,No
1.0,297.5,308.2,2448.0,13.8,29.0,1.0,No,M15204,No
1.0,299.0,309.0,1419.0,45.2,27.0,1.0,No,M14948,No
0.0,298.2,308.3,1805.0,31.6,96.0,1.0,No,L47467,No
0.0,298.1,308.5,1498.0,49.4,5.0,1.0,No,L47182,No
1.0,298.4,308.1,1495.0,46.0,203.0,1.0,No,M15016,No
1.0,297.6,308.4,1398.0,41.9,215.0,1.0,No,M15190,No
0.0,300.5,309.8,1379.0,54.2,207.0,0.0,No,L50199,No
0.0,303.4,312.0,1521.0,35.9,215.0,0.0,No,L51996,No
0.0,302.5,310.2,1307.0,54.0,86.0,0.0,No,L51681,No
0.0,297.0,307.8,1316.0,61.2,200.0,0.0,No,L48341,No
0.0,297.4,309.0,1583.0,32.0,166.0,1.0,No,L47660,No
0.0,298.3,308.5,1664.0,31.6,144.0,1.0,No,L47397,No
2.0,298.2,308.4,1385.0,42.2,98.0,1.0,No,H29702,No
0.0,298.4,309.5,2153.0,15.3,98.0,0.0,No,L48464,No
0.0,298.0,308.2,1620.0,35.8,5.0,1.0,No,L47432,No
1.0,298.7,309.2,1410.0,45.6,47.0,1.0,No,M14877,No
0.0,297.3,308.2,1396.0,52.7,212.0,0.0,No,L56196,No
0.0,303.5,312.0,1366.0,54.5,30.0,0.0,No,L52011,No
0.0,297.5,308.7,1429.0,44.3,201.0,1.0,No,L47591,No
1.0,298.1,308.5,1372.0,51.1,116.0,1.0,No,M15154,No
0.0,299.2,308.6,1267.0,68.2,76.0,0.0,No,L49624,No
0.0,300.6,311.9,1372.0,60.1,212.0,0.0,No,L54689,No
0.0,301.1,310.4,1312.0,73.6,49.0,0.0,No,L53705,No
0.0,302.6,310.4,1359.0,57.2,67.0,0.0,No,L51675,No
0.0,298.4,308.2,1850.0,27.0,194.0,1.0,No,L47333,No
1.0,299.3,308.4,1542.0,37.5,203.0,0.0,No,M17104,No
0.0,303.4,311.8,1366.0,50.9,200.0,0.0,No,L51903,No
0.0,298.4,308.2,1528.0,36.2,196.0,1.0,No,L47334,No
0.0,298.3,308.5,1453.0,42.9,89.0,1.0,No,L47375,No
1.0,302.4,310.5,1372.0,45.7,144.0,0.0,No,M19387,No
0.0,298.2,308.1,1618.0,34.7,39.0,1.0,No,L47356,No
0.0,298.8,308.9,1402.0,37.9,2.0,1.0,No,L47259,No
0.0,297.0,307.9,1296.0,69.1,153.0,0.0,No,L48324,No
1.0,301.5,310.4,2639.0,12.0,21.0,0.0,No,M18317,No
1.0,303.6,311.8,1421.0,44.8,101.0,0.0,No,M19544,No
0.0,296.9,307.8,1400.0,57.1,202.0,0.0,No,L48342,No
0.0,301.0,311.1,1236.0,64.4,177.0,0.0,No,L53333,No
0.0,298.1,308.2,1482.0,37.9,17.0,1.0,No,L47438,No
1.0,298.3,308.5,1434.0,46.2,148.0,1.0,No,M15079,No
0.0,297.6,308.4,1517.0,34.2,66.0,1.0,No,L47537,No
0.0,298.4,308.5,1741.0,32.8,112.0,1.0,No,L47384,No
0.0,297.4,308.1,1474.0,39.4,20.0,1.0,No,L47520,No
0.0,303.8,313.1,1256.0,58.7,213.0,0.0,No,L52164,No
1.0,298.4,308.2,1610.0,35.0,24.0,1.0,No,M15030,No
0.0,302.0,310.1,1361.0,45.4,174.0,0.0,No,L51459,No
1.0,301.7,309.8,1284.0,68.2,111.0,0.0,No,M19202,No
2.0,298.8,309.2,1306.0,54.5,50.0,1.0,No,H29432,No
1.0,298.4,308.5,1636.0,35.7,107.0,1.0,No,M15062,No
2.0,304.0,313.2,1271.0,68.6,161.0,0.0,No,H34462,No
0.0,298.9,308.9,1453.0,40.8,11.0,1.0,No,L47262,No
0.0,297.2,308.1,1431.0,49.7,210.0,0.0,No,L56195,No
0.0,298.1,308.0,1426.0,46.0,61.0,1.0,No,L47453,No
0.0,297.6,308.3,1742.0,27.7,13.0,1.0,No,L47517,No
0.0,298.0,308.0,1524.0,37.0,49.0,1.0,No,L47449,No
0.0,298.2,308.4,1477.0,49.9,72.0,1.0,No,L47370,No
1.0,297.8,308.4,1479.0,43.5,143.0,1.0,No,M15163,No
0.0,299.2,310.3,1352.0,48.9,238.0,0.0,No,L56847,No
0.0,298.3,309.3,1337.0,56.1,206.0,0.0,No,L57010,No
0.0,298.9,308.6,1413.0,46.5,122.0,1.0,No,L47307,No
1.0,303.2,311.5,1336.0,58.2,2.0,0.0,No,M19597,No
0.0,298.8,308.8,1991.0,20.7,59.0,1.0,No,L47281,No
0.0,298.9,308.9,1830.0,24.9,35.0,1.0,No,L47271,No
0.0,302.4,310.2,1346.0,62.4,106.0,0.0,No,L51690,No
0.0,297.8,308.4,1612.0,32.1,183.0,1.0,No,L47499,No
1.0,298.1,308.1,1452.0,40.8,56.0,1.0,No,M15131,No
2.0,297.3,308.6,1431.0,42.0,109.0,1.0,No,H29874,No
0.0,297.5,308.3,2564.0,12.8,127.0,0.0,No,L47560,No
0.0,298.8,308.9,1379.0,46.7,204.0,1.0,No,L47255,No
1.0,297.6,308.3,1567.0,34.6,71.0,1.0,No,M15219,No
0.0,298.0,308.0,1615.0,29.5,15.0,1.0,No,L47437,No
0.0,302.4,310.7,1362.0,54.8,155.0,0.0,No,L51362,No
0.0,297.5,308.2,1647.0,31.3,3.0,1.0,No,L47513,No
1.0,302.7,310.6,1349.0,51.2,6.0,0.0,No,M19416,No
0.0,298.2,308.1,1382.0,43.5,37.0,1.0,No,L47355,No
0.0,298.3,308.6,1570.0,34.8,175.0,1.0,No,L47410,No
0.0,298.9,308.7,1727.0,29.4,116.0,1.0,No,L47304,No
0.0,301.4,309.9,1259.0,63.9,20.0,0.0,No,L51487,No
0.0,298.2,308.3,2051.0,19.2,90.0,1.0,No,L47464,No
1.0,297.6,308.4,1569.0,38.3,93.0,1.0,No,M15227,No
0.0,299.2,310.7,1737.0,27.0,225.0,0.0,No,L55379,No
0.0,298.8,309.1,1418.0,46.3,133.0,1.0,No,L47227,No
0.0,298.9,309.1,2861.0,4.6,143.0,0.0,No,L47230,No
0.0,298.0,308.2,1489.0,40.4,11.0,1.0,No,L47435,No
0.0,297.5,308.3,1585.0,32.9,32.0,1.0,No,L47525,No
0.0,299.3,308.6,1384.0,53.6,218.0,0.0,No,L49511,No
0.0,298.3,308.5,1416.0,52.7,151.0,1.0,No,L47400,No
0.0,301.9,310.4,1286.0,62.8,22.0,0.0,No,L51310,No
0.0,303.0,311.0,1359.0,44.2,115.0,0.0,No,L51780,No
0.0,302.0,310.5,1263.0,60.6,90.0,0.0,No,L51337,No
0.0,302.3,310.1,1353.0,50.9,36.0,0.0,No,L51580,No
0.0,301.7,310.2,1331.0,61.2,47.0,0.0,No,L51320,No
0.0,303.3,311.8,1315.0,62.0,42.0,0.0,No,L52016,No
0.0,297.6,308.7,1319.0,50.9,141.0,1.0,No,L47566,No
0.0,298.0,308.2,1514.0,37.9,9.0,1.0,No,L47434,No
1.0,298.8,309.0,1592.0,38.2,169.0,1.0,No,M14921,No
1.0,297.9,308.5,1449.0,40.8,157.0,1.0,No,M15169,No
1.0,298.8,309.1,1559.0,34.7,95.0,1.0,No,M14894,No
0.0,299.0,309.5,1861.0,23.3,73.0,1.0,No,L47205,No
1.0,299.1,309.5,1339.0,48.2,86.0,1.0,No,M14890,No
0.0,298.9,308.7,1433.0,44.7,108.0,1.0,No,L47300,No
1.0,297.5,308.2,1713.0,32.2,17.0,1.0,No,M15199,No
2.0,302.7,310.8,1275.0,55.0,25.0,0.0,No,H33979,No
1.0,302.6,312.3,1454.0,54.8,253.0,0.0,No,M20261,No
0.0,298.0,308.1,1777.0,24.3,200.0,1.0,No,L47421,No
0.0,297.4,308.1,1749.0,25.9,8.0,1.0,No,L47515,No
0.0,298.9,308.6,1560.0,32.2,118.0,1.0,No,L47305,No
1.0,297.5,309.2,1804.0,27.4,215.0,1.0,No,M15360,No
0.0,297.9,308.5,1305.0,47.2,155.0,1.0,No,L47488,No
1.0,297.3,308.3,1459.0,59.6,207.0,0.0,No,M23786,No
1.0,298.1,308.2,1736.0,26.8,27.0,1.0,No,M15122,No
2.0,300.4,309.9,2563.0,12.8,81.0,0.0,No,H32554,No
0.0,298.5,308.7,1609.0,35.3,117.0,1.0,No,L47386,No
1.0,302.6,310.2,2676.0,10.8,84.0,0.0,No,M19279,No
0.0,298.6,308.2,1361.0,68.2,172.0,0.0,No,L57154,No
2.0,297.8,308.4,1550.0,38.2,185.0,1.0,No,H29734,No
0.0,297.6,308.7,1460.0,46.7,150.0,1.0,No,L47570,No
1.0,298.8,308.8,1441.0,40.5,63.0,1.0,No,M14963,No
0.0,298.1,308.4,1335.0,40.2,109.0,1.0,No,L47472,No
2.0,298.1,308.5,1392.0,44.8,111.0,1.0,No,H29707,No
